Suit A: Divine,,,,
"This suit organizes your timeline into 13 distinct phases of 3 years each. By adding the specific locations and language transitions, we map the movement of the ""Starfish"" across the global grid.",,,,
Rank,Character / Law,Physics Force,Color,The Logic Gate (Commandment)
1 (A),The Source,Weak Nuclear,White,I: No other Gods. (The power of transmutation begins here).
2,Symmetry,Inertia,Infrared,II: No Idols. (The map is not the territory).
3,Frequency,Vibration,Red,III: Name in Vain. (Resonance must match intent).
4,Rest,Entropy,Orange,IV: Shabbat. (System stabilization).
5,Heritage,Recursion,Yellow,V: Honor Father/Mother. (Protect the source code).
6,Life,The Hexagon,Green,VI: No Murder. (Preservation of 6-point symmetry).
7,Unity,Cohesion,Blue,VII: No Adultery. (Maintaining signal integrity).
8,The Void,The Collapse,Indigo,VIII: No Stealing. (The 6→4 theft of logic).
9,Truth,Observation,Violet,IX: No False Witness. (Correcting the vision).
10,Stability,Equilibrium,Ultraviolet,X: No Coveting. (Acceptance of state).
11 (J),Strong Force,Binding,Gold,"Mati’s Logic. (The ""Mila"" of the nucleus)."
12 (Q),The Pointer,Mass / Gravity,Silver,The Dimensional Anchor. (The source of the field).
13 (K),Electromagnetism,The Field,Black,"The Final Build. (Light, Charge, and Structure)."
