Suit A: Divine,,
Rank,Color,Force / Commandment
1 (A),White,I: I AM GOD - Electromagnetism
2,Black,II: No Idols. (The map is not the territory).
3,Infrared,III: Name in Vain. (Resonance must match intent).
4,Red,IV: Shabbat. (System stabilization).
5,Orange,V: Honor Father/Mother. (Protect the source code).
6,Yellow,VI: No Murder. (Preservation of 6-point symmetry).
7,Green,VII: No Adultery. (Maintaining signal integrity).
8,Blue,VIII: No Stealing. (The 6→4 theft of logic).
9,Indigo,IX: No False Witness. (Correcting the vision).
10,Violet,X: No Coveting. (Acceptance of state).
11 (J),Ultraviolet,Gravitaional
12 (Q),Silver,Strong Nuclear
13 (K),Gold,Weak Nuclear
